Handle,Title,Option1 Name,Option1 Value,Price,Compare-at price
mbappe-m9-style-13,Mbappé M9 Frame — Style 13: Signature Edition,Title,Default Title,60.00,90.00
mbappe-m9-style-12,Mbappé M9 Frame — Style 12: Collector’s Limited,Title,Default Title,60.00,90.00
mbappe-m9-style-11,Mbappé M9 Frame — Style 11: Heritage Edition,Title,Default Title,60.00,90.00
mbappe-m9-style-10,Mbappé M9 Frame — Style 10: Bold Contrast,Title,Default Title,60.00,90.00
mbappe-m9-style-09,Mbappé M9 Frame — Style 09: Ice Silver,Title,Default Title,60.00,90.00
mbappe-m9-style-08,Mbappé M9 Frame — Style 08: Midnight Navy,Title,Default Title,60.00,90.00
mbappe-m9-style-07,Mbappé M9 Frame — Style 07: Street Edition,Title,Default Title,60.00,90.00
mbappe-m9-style-06,Mbappé M9 Frame — Style 06: Stadium Lights,Title,Default Title,60.00,90.00
mbappe-m9-style-05,Mbappé M9 Frame — Style 05: Classic White,Title,Default Title,60.00,90.00
mbappe-m9-style-04,Mbappé M9 Frame — Style 04: Champions Gold,Title,Default Title,60.00,90.00
mbappe-m9-style-03,Mbappé M9 Frame — Style 03: Electric Blue,Title,Default Title,60.00,90.00
mbappe-m9-style-02,Mbappé M9 Frame — Style 02: Speed Black,Title,Default Title,60.00,90.00
mbappe-m9-style-01,Mbappé M9 Frame — Style 01: Paris Night,Title,Default Title,60.00,90.00
cr7-style-13,CR7 Legends Frame — Style 13: Signature Edition,Title,Default Title,60.00,90.00
cr7-style-12,CR7 Legends Frame — Style 12: Collector’s Limited,Title,Default Title,60.00,90.00
cr7-style-11,CR7 Legends Frame — Style 11: Bold Contrast,Title,Default Title,60.00,90.00
cr7-style-10,CR7 Legends Frame — Style 10: Pure Minimal,Title,Default Title,60.00,90.00
cr7-style-09,CR7 Legends Frame — Style 09: Midnight Navy,Title,Default Title,60.00,90.00
cr7-style-08,CR7 Legends Frame — Style 08: Street Edition,Title,Default Title,60.00,90.00
cr7-style-07,CR7 Legends Frame — Style 07: Heritage White/Gold,Title,Default Title,60.00,90.00
cr7-style-06,CR7 Legends Frame — Style 06: Ice Silver,Title,Default Title,60.00,90.00
cr7-style-05,CR7 Legends Frame — Style 05: Classic Red,Title,Default Title,60.00,90.00
cr7-style-04,CR7 Legends Frame — Style 04: Champions Gold,Title,Default Title,60.00,90.00
cr7-style-03,CR7 Legends Frame — Style 03: Stadium Lights,Title,Default Title,60.00,90.00
cr7-style-02,CR7 Legends Frame — Style 02: Tunnel Walk Black,Title,Default Title,60.00,90.00
cr7-style-01,CR7 Legends Frame — Style 01: Matchday White,Title,Default Title,60.00,90.00